"Mes_t","Venta_ft","Prediccion","Valor_Simulado","Error"
1,3.82712880149484,NA,NA,NA
2,5.00103286467493,NA,NA,NA
3,7.42637299280614,NA,NA,NA
4,12.8838838906959,NA,NA,NA
5,13.6286267843097,NA,NA,NA
6,19.7749787652865,NA,NA,NA
7,22.0113491965458,NA,NA,NA
8,22.2058915831149,NA,NA,NA
9,27.6952756708488,NA,NA,NA
10,30.1320218630135,NA,NA,NA
11,31.2289772480726,NA,NA,NA
12,34.9458874352276,NA,NA,NA
13,NA,38.3056305210727,39.4123432617635,1.10671274069077
